{"cameraMode":{"drawMode":0,"name":"Shaded","section":"Shading Mode"},"sceneLighting":false,"audioPlay":false,"sceneViewState":{"m_AlwaysRefresh":false,"showFog":true,"showSkybox":false,"showFlares":true,"showImageEffects":true,"showParticleSystems":true,"showVisualEffectGraphs":true,"m_FxEnabled":true},"in2DMode":false,"pivot":{"x":1.3639309406280518,"y":1.4454410076141358,"z":-0.435051828622818},"rotation":{"x":-0.03221067413687706,"y":0.8906805515289307,"z":-0.44956648349761965,"w":-0.06468430906534195},"size":0.6510180830955505,"orthographic":false}