{"cameraMode":{"drawMode":0,"name":"Shaded","section":"Shading Mode"},"sceneLighting":false,"audioPlay":false,"sceneViewState":{"m_AlwaysRefresh":false,"showFog":true,"showSkybox":false,"showFlares":true,"showImageEffects":true,"showParticleSystems":true,"showVisualEffectGraphs":true,"m_FxEnabled":true},"in2DMode":false,"pivot":{"x":-1.6893736124038697,"y":1.3559918403625489,"z":-0.27904146909713747},"rotation":{"x":-0.11083066463470459,"y":0.7188072800636292,"z":-0.11807971447706223,"w":-0.6765615940093994},"size":1.4764621257781983,"orthographic":false}