{"cameraMode":{"drawMode":0,"name":"Shaded","section":"Shading Mode"},"sceneLighting":false,"audioPlay":false,"sceneViewState":{"m_AlwaysRefresh":false,"showFog":true,"showSkybox":false,"showFlares":true,"showImageEffects":true,"showParticleSystems":true,"showVisualEffectGraphs":true,"m_FxEnabled":true},"in2DMode":false,"pivot":{"x":0.4084177315235138,"y":1.705700159072876,"z":-1.4959827661514283},"rotation":{"x":0.046157486736774448,"y":0.8955013155937195,"z":-0.4332003593444824,"w":0.0944657102227211},"size":0.5136733055114746,"orthographic":false}